_id,name,glcm_0_contrast,glcm_0_dissimilarity,glcm_0_homogeneity,glcm_0_asm,glcm_0_entropy,glcm_0_mean_baris,glcm_0_mean_kolom,glcm_0_variance_baris,glcm_0_variance_kolom,glcm_0_correlation,glcm_45_contrast,glcm_45_dissimilarity,glcm_45_homogeneity,glcm_45_asm,glcm_45_entropy,glcm_45_mean_baris,glcm_45_mean_kolom,glcm_45_variance_baris,glcm_45_variance_kolom,glcm_45_correlation,glcm_90_contrast,glcm_90_dissimilarity,glcm_90_homogeneity,glcm_90_asm,glcm_90_entropy,glcm_90_mean_baris,glcm_90_mean_kolom,glcm_90_variance_baris,glcm_90_variance_kolom,glcm_90_correlation,glcm_135_contrast,glcm_135_dissimilarity,glcm_135_homogeneity,glcm_135_asm,glcm_135_entropy,glcm_135_mean_baris,glcm_135_mean_kolom,glcm_135_variance_baris,glcm_135_variance_kolom,glcm_135_correlation,dominant_color_0,dominant_color_0_percent,dominant_color_1,dominant_color_1_percent,dominant_color_2,dominant_color_2_percent,dominant_color_3,dominant_color_3_percent
ObjectId("5c0daf2230cffe434ca89674"),001_0037_XiaomiRedmiNote4X.jpg,0.1640873197702834,0.16009706439393936,0.9203424632982414,0.0495118742395318,3.3646524361796764,17.72167873289345,17.72167873289345,21.92314917507434,21.92314917507434,0.996257669952891,0.21774265213864114,0.20222277643524442,0.9003909339869545,0.04624999845999733,3.4578322154976515,17.720370864065874,17.72037086406587,21.93218279632981,21.932182796329805,0.9950360013373803,0.1976398307673512,0.18674586082600206,0.9076904919271593,0.04751648278410894,3.424405987128442,17.721111696603128,17.72111169660313,21.93007390770348,21.93007390770348,0.9954938630941434,0.21774265213864114,0.20222277643524442,0.9003909339869545,0.04624999845999733,3.4578322154976515,17.720370864065874,17.72037086406587,21.93218279632981,21.932182796329805,0.9950360013373803,"[197.27091941353598,93.79747162817047,131.22782748449788]",30.974674224853516,"[99.39450289072126,130.38304110194926,167.8375635800714]",15.073680877685547,"[144.5491634903412,95.71714241994269,137.08333333333334]",41.13874435424805,"[139.4163456308075,124.74514347881163,177.51323015476785]",12.813472747802734
ObjectId("5c0daf3f30cffe434ca89675"),002_0045_XiaomiRedmiNote4X.jpg,1.1851822152981428,0.5394290689149553,0.7829621573724179,0.061744448237002106,3.73154441644505,20.225816952284948,20.22581695228495,16.38568383321519,16.385683833215197,0.9638348259565557,2.206352618990968,0.7757377005319483,0.7199086357800217,0.05579258001483269,3.9643334224874702,20.224460096184615,20.224460096184625,16.389331232642235,16.389331232642245,0.9326893639626782,1.7255773460410546,0.6573287054007816,0.7530357275576512,0.05922075244373941,3.8483291735605034,20.223208967192097,20.223208967192082,16.405894513746556,16.40589451374656,0.9474098366110054,2.206352618990968,0.7757377005319483,0.7199086357800217,0.05579258001483269,3.9643334224874702,20.224460096184615,20.224460096184625,16.389331232642235,16.389331232642245,0.9326893639626782,"[150.30762140721689,105.92386076722192,158.67730436392426]",24.20635223388672,"[184.64308867577557,101.59193402191063,154.6624926796698]",25.588417053222656,"[194.75785986033736,91.32709724193468,122.54450476916936]",40.38858413696289,"[102.81074243173292,111.45983462742703,157.85611810664884]",9.817218780517578
ObjectId("5c0daf5d30cffe434ca89676"),003_0010_XiaomiRedmiNote4X.jpg,0.8773702880620732,0.3649890411168134,0.8518347640913683,0.03139568397700504,4.078313349646087,19.62713593215421,19.62713593215421,51.083584247704934,51.08358424770494,0.9914124047775532,1.3668546213243975,0.4890996809452969,0.812966352803386,0.02853186434013305,4.247592798140508,19.620527954791488,19.620527954791484,51.0782360889133,51.07823608891343,0.9866199899802235,0.9770378940615851,0.40557222934995085,0.8371006671628521,0.03034923124127501,4.139990551147628,19.62357190860216,19.623571908602177,51.05669681655448,51.05669681655444,0.9904318340689754,1.3668546213243975,0.4890996809452969,0.812966352803386,0.02853186434013305,4.247592798140508,19.620527954791488,19.620527954791484,51.0782360889133,51.07823608891343,0.9866199899802235,"[86.5810715856185,121.33590976884614,161.21477952209767]",21.070194244384766,"[176.65176766647056,93.70250543202829,134.340374096361]",16.358566284179688,"[231.2940180150145,88.33927880407927,119.61036726577802]",32.04832077026367,"[152.47769509766587,117.68387030320434,181.07653147219847]",30.52349090576172
ObjectId("5c0daf7530cffe434ca89677"),004_0029_XiaomiRedmiNote4X.jpg,0.5474945396505381,0.3011392274560118,0.8681978157450214,0.05072236909651441,3.6542323069539067,17.768160912298402,17.76816091229839,23.75367260787431,23.753672607874307,0.9884755812566647,0.6252851091560769,0.3276784494266282,0.8586309972345093,0.04937666855191828,3.6974941787880065,17.76773648890763,17.76773648890761,23.763241240545668,23.763241240545682,0.986843438089388,0.35655127382697943,0.2348542124877809,0.8926112181970631,0.05426126364531166,3.536843322894602,17.766104212487768,17.766104212487768,23.75230090910556,23.752300909105532,0.9924943845400207,0.6252851091560769,0.3276784494266282,0.8586309972345093,0.04937666855191828,3.6974941787880065,17.76773648890763,17.76773648890761,23.763241240545668,23.763241240545682,0.986843438089388,"[115.19347795563044,99.27136338107273,142.6996208930076]",27.16522216796875,"[181.18213230480706,94.06335875161444,131.8719644026114]",53.94325256347656,"[154.27749837655608,111.3179255840944,169.27227572295067]",13.76810073852539,"[58.72658750837489,111.13718082334549,149.94351596813817]",5.123996734619141
ObjectId("5c0daf9030cffe434ca89678"),005_0016_XiaomiRedmiNote4X.jpg,1.271959769061585,0.5095670668377316,0.8018482497770888,0.0271506685869857,4.169635731687687,15.468780547409601,15.468780547409596,29.69804553761769,29.698045537617695,0.9785851266297911,1.8623650180740354,0.6431193019973642,0.7650792501061658,0.02421518498108591,4.321972006275598,15.466814106441385,15.466814106441378,29.715205889102652,29.71520588910269,0.9686630975227896,1.2600300510141738,0.5154636714931567,0.7980293410750605,0.026690563997504524,4.180598699489932,15.469231599004157,15.469231599004162,29.70883000393613,29.708830003936136,0.9787936776566557,1.8623650180740354,0.6431193019973642,0.7650792501061658,0.02421518498108591,4.321972006275598,15.466814106441385,15.466814106441378,29.715205889102652,29.71520588910269,0.9686630975227896,"[185.86634198830933,85.71574204323191,98.02924066736534]",34.03282165527344,"[119.93629655227636,109.44185311458276,161.05473119049927]",22.631168365478516,"[73.67134390974076,112.20051728000325,152.6954921287905]",18.706130981445312,"[125.57149113797473,91.59196700915852,122.55566623128472]",24.630451202392578
ObjectId("5c0dafb330cffe434ca89679"),006_0015_XiaomiRedmiNote4X.jpg,0.2977093261241452,0.23557589503910026,0.8879058229123111,0.03989602439423209,3.870124181503246,16.1430439729961,16.143043972996107,57.80952299534768,57.80952299534763,0.9974250840458577,0.6293365974569276,0.34624649675259844,0.848551911673175,0.03708512566100506,4.049362852202046,16.138127562637997,16.13812756263799,57.83767916536153,57.837679165361536,0.9945594584141456,0.48889124358504504,0.2939185835166171,0.8681018633060013,0.03845656771335474,3.9680891904523117,16.140190176716786,16.140190176716786,57.793294902126995,57.79329490212696,0.9957703463315869,0.6293365974569276,0.34624649675259844,0.848551911673175,0.03708512566100506,4.049362852202046,16.138127562637997,16.13812756263799,57.83767916536153,57.837679165361536,0.9945594584141456,"[160.40727937862843,95.52251411605651,138.11451899371735]",17.986679077148438,"[49.02882297025502,112.00096688520176,147.13980262486893]",23.32286834716797,"[108.93231217277183,112.31476509133405,156.90883753715735]",20.601367950439453,"[199.7967746056557,92.01559341394314,126.45926298887545]",38.089656829833984
ObjectId("5c0dafcb30cffe434ca8967a"),007_0028_XiaomiRedmiNote4X.jpg,0.5945890991568913,0.36080977364369465,0.8408556082330938,0.03242863126614484,3.978154490831771,17.072485661809637,17.07248566180964,55.187701882564916,55.187701882564916,0.9946130290003543,1.34662202385218,0.5420652461613577,0.7916494274915535,0.029830827265265796,4.1700619922095346,17.065830473880798,17.0658304738808,55.188487092328685,55.188487092328735,0.9877997921776762,1.277379070442327,0.5054479395772228,0.806671274243795,0.03067691394197555,4.128462441768742,17.068897295790574,17.068897295790578,55.157522434229755,55.15752243422979,0.9884206268332164,1.34662202385218,0.5420652461613577,0.7916494274915535,0.029830827265265796,4.1700619922095346,17.065830473880798,17.0658304738808,55.188487092328685,55.188487092328735,0.9877997921776762,"[57.677401984372494,111.36859260786875,149.5573772370019]",16.640186309814453,"[181.35335555168112,95.28585223234043,137.38772581575313]",28.454208374023438,"[107.54741878773982,114.84692501719789,161.60498662386303]",31.202220916748047,"[217.90274443573196,91.47002030681384,124.13232804551943]",23.703956604003906
ObjectId("5c0dafe430cffe434ca8967b"),008_0062_XiaomiRedmiNote4X.jpg,0.1979844437316715,0.18276037848240465,0.9100664917702324,0.06395014592551343,3.3360624002349675,19.484404115499753,19.484404115499753,29.613984988083622,29.613984988083637,0.9966572475164792,0.2169782203837639,0.19559897527923267,0.9041948878732634,0.06303004116383962,3.36111883696735,19.483293821767003,19.483293821767006,29.62775342826892,29.627753428268914,0.996338260663114,0.1708020222385143,0.1648070931085045,0.9181910584276571,0.06528398726906227,3.2971320955921137,19.484519145588955,19.484519145588955,29.603439205866653,29.603439205866653,0.9971151658925379,0.2169782203837639,0.19559897527923267,0.9041948878732634,0.06303004116383962,3.36111883696735,19.483293821767003,19.483293821767006,29.62775342826892,29.627753428268914,0.996338260663114,"[154.36892429526782,96.57997347667883,136.72928278485432]",40.418148040771484,"[198.88015248513807,96.70101822388204,137.99348479819372]",47.98240661621094,"[41.6173620200297,94.82799747055104,147.96954366975984]",6.478214263916016,"[109.51207423418052,95.03980025340985,163.5860289185362]",5.121803283691406
ObjectId("5c0db00430cffe434ca8967c"),009_0015_XiaomiRedmiNote4X.jpg,0.5991721652003914,0.3593883644916905,0.8406715093988341,0.022065367841980876,4.272695801009602,15.601394489247324,15.601394489247323,62.89569804929019,62.89569804929018,0.9952367794317925,1.3266894658437596,0.519269891230917,0.7951805971873223,0.0192361270671244,4.488723543225056,15.595739344060187,15.595739344060183,62.902898765501256,62.90289876550131,0.9894544648030481,0.8215248503176932,0.40025698008308813,0.8305781741244858,0.0213940683995548,4.327031703806335,15.60292758736561,15.602927587365615,62.90391612223079,62.90391612223072,0.9934700023387953,1.3266894658437596,0.519269891230917,0.7951805971873223,0.0192361270671244,4.488723543225056,15.595739344060187,15.595739344060183,62.902898765501256,62.90289876550131,0.9894544648030481,"[38.14939469770192,95.03568701700496,148.8387419951364]",21.584510803222656,"[160.6140977460309,98.15043044857272,155.62817357723938]",32.238101959228516,"[208.38712586642913,96.01039162780083,131.38823754605926]",25.91714859008789,"[105.57897706700273,95.93472771474116,167.49925468934418]",20.26081085205078
ObjectId("5c0db02530cffe434ca8967d"),010_0008_XiaomiRedmiNote4X.jpg,0.2930479823435975,0.23900197794477016,0.8852645653359372,0.05161759930613981,3.492856338032955,21.505871307581856,21.505871307581863,16.782580615112877,16.782580615112874,0.9912692812546449,0.3339458342769291,0.2618465422362878,0.8753733442709183,0.05002153115582215,3.539203639162016,21.506349083494094,21.506349083494108,16.78212172191571,16.7821217219157,0.9900505478445908,0.25437400720918896,0.2121784885141741,0.8975098779838224,0.054078709012786455,3.4354994646482977,21.504220315554754,21.504220315554743,16.7896823661116,16.789682366111588,0.9924246926873787,0.3339458342769291,0.2618465422362878,0.8753733442709183,0.05002153115582215,3.539203639162016,21.506349083494094,21.506349083494108,16.78212172191571,16.7821217219157,0.9900505478445908,"[196.80450776463883,94.61566035047727,122.44120245049152]",33.465576171875,"[176.63982360182632,98.49049600299192,145.8980194162654]",30.58462142944336,"[134.01298019315138,101.25393248771918,158.74615344220973]",19.989013671875,"[222.07433886471236,96.25087274640141,143.92560733585194]",15.961360931396484
ObjectId("5c0db04230cffe434ca8967e"),011_0008_XiaomiRedmiNote4X.jpg,0.2594878344941349,0.21604559964564982,0.8960361265400856,0.04620101700836022,3.635475706508612,17.662338003268573,17.662338003268584,29.172106210488028,29.17210621048804,0.9955524665819147,0.37401256916912967,0.2778871870726944,0.8698284205614812,0.04294053922510353,3.7548467062755093,17.661636227949714,17.66163622794972,29.184542760486046,29.18454276048603,0.9935922832124077,0.30532040414222883,0.2477404462976539,0.8815142692406215,0.04398959232163371,3.703468926430787,17.663423390915202,17.663423390915206,29.17449044467861,29.17449044467861,0.9947673395578036,0.37401256916912967,0.2778871870726944,0.8698284205614812,0.04294053922510353,3.7548467062755093,17.661636227949714,17.66163622794972,29.184542760486046,29.18454276048603,0.9935922832124077,"[187.81844062761556,94.5867450989638,128.3050764872076]",48.54326248168945,"[126.04980488088998,93.42658279457162,183.01591822470732]",16.37430191040039,"[141.87676195605525,97.4088116737215,140.9070150045022]",22.66101837158203,"[77.29471785028791,92.75854894433782,165.94197312859885]",12.421989440917969
ObjectId("5c0db05b30cffe434ca8967f"),012_0008_XiaomiRedmiNote4X.jpg,0.5841037008186715,0.29649029356060597,0.8737397721266631,0.05127025405085542,3.7472226636751182,18.858733981702123,18.85873398170212,49.549000393470855,49.54900039347092,0.9941057973301154,1.0628630453623362,0.4106651607361092,0.839468893484201,0.04834010275932057,3.8988064127383817,18.855455032779787,18.855455032779787,49.578704565794325,49.57870456579435,0.989281052675026,0.7766249312683291,0.34104369043255184,0.8599496112802817,0.04977974769401567,3.8118127385381153,18.858433280639055,18.858433280639066,49.552388203992614,49.55238820399254,0.9921635973621371,1.0628630453623362,0.4106651607361092,0.839468893484201,0.04834010275932057,3.8988064127383817,18.855455032779787,18.855455032779787,49.578704565794325,49.57870456579435,0.989281052675026,"[110.51759310003564,95.61383504573195,166.87851103792107]",17.925739288330078,"[205.98939290395148,96.62125949343807,133.4753833674384]",49.25031661987305,"[55.9270742324903,94.2932984873924,154.8372370410326]",12.578010559082031,"[162.08826865601392,96.93903937119055,143.25503965359]",20.246505737304688
ObjectId("5c0db07830cffe434ca89680"),013_0014_XiaomiRedmiNote4X.jpg,0.15191322244623665,0.13637604624877808,0.9332448052093537,0.053542160391675996,3.4656372249745804,22.863304637860455,22.863304637860452,47.45925962555628,47.45925962555628,0.9983995407466874,0.2013427243774421,0.1710654936461388,0.9172761836374819,0.051277822482818515,3.5487543240975867,22.862020546014488,22.862020546014485,47.487451695876786,47.48745169587679,0.9978800428619873,0.1789018588098731,0.15465294324291304,0.9249279958525012,0.05239480726586964,3.5099907221856195,22.86439384393329,22.864393843933293,47.45678594981733,47.45678594981732,0.9981151077213795,0.2013427243774421,0.1710654936461388,0.9172761836374819,0.051277822482818515,3.5487543240975867,22.862020546014488,22.862020546014485,47.487451695876786,47.48745169587679,0.9978800428619873,"[234.7962328563442,93.49368375976876,133.40392415753726]",48.0891227722168,"[145.26018645349907,158.9018052460491,174.95845685196164]",9.327125549316406,"[182.8608538543456,97.90288387673216,140.2564497357463]",28.937816619873047,"[94.94158527291668,135.76125121478862,154.88087730460256]",13.646507263183594
ObjectId("5c0db09230cffe434ca89681"),014_0024_XiaomiRedmiNote4X.jpg,0.21475783541055748,0.14335135630498552,0.9333118333591628,0.09310230603428506,3.068339822787962,25.138135386119252,25.138135386119256,37.65783202846924,37.65783202846922,0.9971485634748138,0.29916514496970453,0.17625216310298147,0.9201882022841938,0.09116250055143552,3.1305181721907176,25.137857144904714,25.137857144904718,37.68321149525611,37.683211495256124,0.9960305248265874,0.25874324138563076,0.15846946022727293,0.9272416676228663,0.09215470535821686,3.0968436508426183,25.13722612338099,25.137226123380994,37.659535792900776,37.65953579290076,0.9965647048491447,0.29916514496970453,0.17625216310298147,0.9201882022841938,0.09116250055143552,3.1305181721907176,25.137857144904714,25.137857144904718,37.68321149525611,37.683211495256124,0.9960305248265874,"[233.1389132472559,96.14382691784343,137.41252429346227]",69.3857192993164,"[109.76912849278072,97.4572764100966,167.7555417056196]",4.593372344970703,"[186.94666753150852,99.06001337178553,143.15099140812885]",19.110393524169922,"[95.73240680679575,157.65574064617635,155.6809279986751]",6.9110870361328125
ObjectId("5c0db0a930cffe434ca89682"),015_0008_XiaomiRedmiNote4X.jpg,0.3077718337609968,0.2253358305840664,0.8937818933647745,0.08278326522244982,3.2930440256542877,19.288339385538855,19.288339385538862,28.372819148288862,28.37281914828884,0.9945762909185655,0.44297577993538634,0.2573583722954644,0.8840392404627638,0.08121768088392321,3.3415513228568634,19.288812350159446,19.288812350159436,28.383237180009466,28.383237180009495,0.9921965247105892,0.3203459112292279,0.2071219376221896,0.9040526190768992,0.08519164625282288,3.2460388628135077,19.28713849049976,19.28713849049977,28.37911473186666,28.379114731866633,0.9943559565853975,0.44297577993538634,0.2573583722954644,0.8840392404627638,0.08121768088392321,3.3415513228568634,19.288812350159446,19.288812350159436,28.383237180009466,28.383237180009495,0.9921965247105892,"[129.14777744309134,100.73549636387108,188.95048840311546]",11.07635498046875,"[196.75984631500552,96.04793781604435,135.1259235542439]",54.811859130859375,"[100.73715687857839,98.71990247511084,149.8180837817985]",18.310260772705078,"[157.5283743996911,96.23663030624805,136.1650276323093]",15.80209732055664
ObjectId("5c0db0bf30cffe434ca89683"),016_0014_XiaomiRedmiNote4X.jpg,0.20194033327223854,0.17088698222140764,0.9172645076176452,0.12113965812277894,2.8470351110767647,20.232621865072094,20.23262186507209,12.758752204895508,12.758752204895513,0.9920862036494941,0.2517503098337457,0.19994859196448453,0.9042953134004323,0.11741947390895036,2.904192150118725,20.233875984325326,20.23387598432533,12.755043560024149,12.755043560024141,0.9901313426077671,0.22103150965298143,0.1830133492179863,0.911665759829736,0.11930729857386221,2.8720086088798094,20.2347558880132,20.234755888013204,12.75090025772055,12.750900257720552,0.9913327096445935,0.2517503098337457,0.19994859196448453,0.9042953134004323,0.11741947390895036,2.904192150118725,20.233875984325326,20.23387598432533,12.755043560024149,12.755043560024141,0.9901313426077671,"[189.59351694954347,92.6166109523912,124.41897032638212]",62.0208740234375,"[167.4198919470353,115.98256370752831,194.6366953281146]",18.324565887451172,"[138.888586911213,96.30551896623594,134.61961650687786]",11.439800262451172,"[114.57688379219091,114.52775198477181,175.46072241051115]",8.21533203125
ObjectId("5c0db0d430cffe434ca89684"),017_0023_XiaomiRedmiNote4X.jpg,0.2091934338343108,0.20417793102394907,0.8984026463167312,0.04040148470424362,3.5474461903750267,18.022374545607292,18.022374545607295,27.324072766041958,27.32407276604195,0.9961719939112755,0.2801231499557108,0.25397767285951933,0.875507634787685,0.03734903319103804,3.6506259206054095,18.01903769508536,18.01903769508536,27.321889983442382,27.32188998344238,0.9948736498440356,0.24650900384897365,0.2318405196114369,0.885509128414096,0.038657247769970524,3.605686986954796,18.021355980419116,18.021355980419116,27.320054502959337,27.320054502959337,0.9954884972169018,0.2801231499557108,0.25397767285951933,0.875507634787685,0.03734903319103804,3.6506259206054095,18.01903769508536,18.01903769508536,27.321889983442382,27.32188998344238,0.9948736498440356,"[144.34609740402422,97.67115155224911,137.03191998618829]",24.305248260498047,"[201.03495433226362,96.3288845003977,135.28129954195123]",34.77058410644531,"[102.3427755924398,140.84159550992996,170.43339729444497]",19.854164123535156,"[147.9954774097068,133.5103321702089,182.51101191824898]",21.070575714111328
ObjectId("5c0db0f030cffe434ca89685"),018_0015_XiaomiRedmiNote4X.jpg,0.25935037115102666,0.21809227608748769,0.8948462983117499,0.04851908706554141,3.774403806830126,20.638478567173763,20.638478567173767,70.64830749630636,70.64830749630636,0.9981644969260972,0.4547480289604976,0.3032682324140086,0.861842787160341,0.046276680234295084,3.927649470479437,20.634294415157143,20.634294415157136,70.68295107924445,70.68295107924442,0.996783184473645,0.37909430749022527,0.26265712823802523,0.8789598762458669,0.04771545697242083,3.853241948090928,20.638220823405426,20.638220823405433,70.64626054191689,70.6462605419169,0.9973169541842555,0.4547480289604976,0.3032682324140086,0.861842787160341,0.046276680234295084,3.927649470479437,20.634294415157143,20.634294415157136,70.68295107924445,70.68295107924442,0.996783184473645,"[75.02133137832503,101.06836198863209,159.236243910841]",21.582984924316406,"[247.14413889266092,96.01064812821473,133.33039005600617]",28.804683685302734,"[143.58451841716598,102.828350136085,166.97164690017635]",19.299602508544922,"[196.3841980545739,98.5711786160474,139.90682283782976]",30.31330108642578
ObjectId("5c0db10a30cffe434ca89686"),019_0008_XiaomiRedmiNote4X.jpg,0.6112498472629522,0.28421691715542463,0.8805607747432819,0.048436693115832465,3.6102002381400022,19.557442494501494,19.557442494501476,20.825632002359672,20.825632002359672,0.9853245786924096,0.9584884890910804,0.390414408009716,0.8434251129191014,0.043434184204023826,3.777655415482089,19.554864700357093,19.554864700357097,20.833952098859413,20.83395209885944,0.9769969594692596,0.722396597018574,0.32402973790322553,0.8658125812483294,0.04644201658694929,3.676359153749818,19.5565938492791,19.556593849279093,20.82897539563238,20.82897539563237,0.982658854233175,0.9584884890910804,0.390414408009716,0.8434251129191014,0.043434184204023826,3.777655415482089,19.554864700357093,19.554864700357097,20.833952098859413,20.83395209885944,0.9769969594692596,"[108.18959689277617,124.6961786536535,175.53955793531304]",16.283130645751953,"[200.20327737629512,95.50759309575079,132.92009774631055]",33.83607864379883,"[175.55253083522513,118.38136061328812,206.33475735719054]",29.865074157714844,"[164.2250910026491,98.28726820529435,142.66437174820376]",20.01628875732422
ObjectId("5c0db12c30cffe434ca89687"),020_0008_XiaomiRedmiNote4X.jpg,1.106028149437928,0.5130361070381229,0.7899663500148998,0.03056017916639517,4.349420389817088,18.94301571664224,18.943015716642236,72.2009679521295,72.20096795212953,0.9923406279665725,2.0237346504492453,0.7375877782651017,0.7257260023045442,0.028037567612177156,4.5826838993934045,18.93291394696179,18.932913946961797,72.16275569614541,72.16275569614535,0.9859779838579711,1.4585700757575768,0.6121529050586496,0.759128813329403,0.029216288345631926,4.462220664756481,18.937472316410084,18.937472316410087,72.16919195820081,72.1691919582008,0.9898947872618382,2.0237346504492453,0.7375877782651017,0.7257260023045442,0.028037567612177156,4.5826838993934045,18.93291394696179,18.932913946961797,72.16275569614541,72.16275569614535,0.9859779838579711,"[58.73880955138918,116.83189643284628,145.67392563419438]",17.290019989013672,"[242.42850840915355,93.19197197489417,131.78590635592533]",29.37908172607422,"[174.81513430841085,112.14009383900144,153.31299916738433]",26.673507690429688,"[120.56041798765526,125.02677442351163,157.28552339806626]",26.657962799072266
ObjectId("5c0db14330cffe434ca89688"),021_0021_XiaomiRedmiNote4X.jpg,0.23581263746334366,0.13877879093352902,0.9380052764987769,0.3106258665404429,2.0494721068663506,27.649793995906656,27.64979399590664,50.22325457403953,50.2232545740395,0.9976523560702776,0.3261027644718876,0.16751375260504034,0.9287781368317294,0.309148276880932,2.082667155889615,27.647751758431923,27.64775175843192,50.2647904766374,50.264790476637415,0.996756151160886,0.18799448619257114,0.12911244501466287,0.9407799026143147,0.3127081366677371,2.032500048557907,27.64878879521017,27.64878879521017,50.220248907188754,50.22024890718876,0.9981282999359463,0.3261027644718876,0.16751375260504034,0.9287781368317294,0.309148276880932,2.082667155889615,27.647751758431923,27.64775175843192,50.2647904766374,50.264790476637415,0.996756151160886,"[245.46388872684608,94.77884603742932,137.87209684999763]",86.6450309753418,"[88.1704714153665,100.50082630738635,143.2824010531918]",3.4055709838867188,"[27.312325343238513,98.72705812924167,139.05790359814625]",5.494785308837891,"[205.29101299146032,94.49005842946728,137.88624446204224]",4.4551849365234375
ObjectId("5c0db15a30cffe434ca89689"),022_0004_XiaomiRedmiNote4X.jpg,0.30663012432795766,0.22095800494868031,0.8969431983402649,0.05214890011727944,3.6468192185547106,22.47130118600319,22.471301186003178,58.92311810125458,58.923118101254566,0.9973980490662322,0.50275625424618,0.2838784209515454,0.8749323301397421,0.04989188209552816,3.7493679306416845,22.468604787827182,22.468604787827175,58.96726008443994,58.967260084439886,0.9957369881733854,0.361167751099708,0.2352169629765396,0.8920979822673357,0.05125098400826561,3.671339816516733,22.471494493829443,22.47149449382943,58.926036890846696,58.92603689084665,0.9969354145454521,0.50275625424618,0.2838784209515454,0.8749323301397421,0.04989188209552816,3.7493679306416845,22.468604787827182,22.468604787827175,58.96726008443994,58.967260084439886,0.9957369881733854,"[55.36978666774206,110.72500705730532,144.8353349195467]",11.821556091308594,"[193.41365846416508,97.47577478380285,139.4629811082656]",25.69866180419922,"[126.73856319518373,110.61146066590801,151.22963180499983]",12.98828125,"[231.7799158310146,94.7849625016379,133.57317190667416]",49.49207305908203
ObjectId("5c0db17530cffe434ca8968a"),023_0001_XiaomiRedmiNote4X.jpg,0.2805951399071361,0.23326574718963827,0.8878865058417454,0.05828176807477017,3.3749875284629365,20.055709883614377,20.055709883614373,18.694552467946366,18.694552467946362,0.9924952699352323,0.5819810057819712,0.3489630961014937,0.8453803993509158,0.0537680265279185,3.5541607912752906,20.055404102514125,20.055404102514128,18.706398541586534,18.706398541586534,0.9844443331919788,0.4704883385263927,0.30402595766129015,0.8621255094849191,0.05543273078455306,3.4917798632569372,20.057218639265646,20.057218639265646,18.697547084413706,18.697547084413703,0.9874184475535142,0.5819810057819712,0.3489630961014937,0.8453803993509158,0.0537680265279185,3.5541607912752906,20.055404102514125,20.055404102514128,18.706398541586534,18.706398541586534,0.9844443331919788,"[170.77628893790563,94.95092752749258,137.52126886395735]",30.048656463623047,"[104.95153004836385,126.61376115153712,165.2448784714547]",10.757637023925781,"[203.3232819409285,93.3311956841441,130.0911613946087]",37.93630599975586,"[149.43545626479664,123.64438614381785,178.94422756411697]",21.257972717285156
ObjectId("5c0db18b30cffe434ca8968b"),024_0014_XiaomiRedmiNote4X.jpg,0.21168113850195538,0.15843127596529816,0.9244673624133356,0.06171913198022206,3.4303068369251646,20.152830122036917,20.15283012203691,57.46805006294399,57.46805006294401,0.9981582710891543,0.30981463485483957,0.19441792821794726,0.9093191411317462,0.05934620444460955,3.5010607849754463,20.151886856455945,20.151886856455945,57.51805251131963,57.51805251131964,0.9973068052435055,0.29194159335288405,0.17685422776148596,0.9173519935204784,0.060636956425178475,3.463979430827986,20.153130345796697,20.153130345796683,57.47319660978174,57.473196609781795,0.997460193528689,0.30981463485483957,0.19441792821794726,0.9093191411317462,0.05934620444460955,3.5010607849754463,20.151886856455945,20.151886856455945,57.51805251131963,57.51805251131964,0.9973068052435055,"[53.64775328993211,101.26772880208644,139.61023014593164]",19.160842895507812,"[191.6915588529013,95.77286074138111,133.473357082172]",51.186466217041016,"[229.2856330861257,95.56717010411592,133.6890236200581]",21.14086151123047,"[149.03720758268352,96.32628618804338,135.72581114995072]",8.512401580810547
ObjectId("5c0db1a230cffe434ca8968c"),025_0008_XiaomiRedmiNote4X.jpg,0.1505099508186706,0.13011382728494617,0.936828863226829,0.15846515835262656,2.6867652021300406,21.588454320167397,21.588454320167397,10.706754202623,10.706754202623001,0.9929712615060402,0.255916462897827,0.18489693071095034,0.913684812668249,0.15446119366151126,2.790912152963647,21.5890051780696,21.589005178069595,10.690507123243535,10.690507123243542,0.9880306677715311,0.19530390854105578,0.15673589473362656,0.9250507539921059,0.15623180886578805,2.7406607418205335,21.587530261027624,21.587530261027624,10.692907971671783,10.692907971671781,0.9908675961179857,0.255916462897827,0.18489693071095034,0.913684812668249,0.15446119366151126,2.790912152963647,21.5890051780696,21.589005178069595,10.690507123243535,10.690507123243542,0.9880306677715311,"[155.21343409383982,122.97121986009753,191.97642117699607]",13.23862075805664,"[196.23142527321366,94.04000221197647,132.63226444178702]",68.98269653320312,"[104.78278580499844,106.25598447271943,150.00587065391898]",3.9795875549316406,"[169.41385792379938,93.9581746684451,132.7674796298472]",13.799667358398438
ObjectId("5c0db1bf30cffe434ca8968d"),026_0012_XiaomiRedmiNote4X.jpg,0.24964584097018613,0.18361379673753678,0.9139637530912648,0.14582845892458082,3.120991499024829,24.192256327132206,24.192256327132203,75.92186866532643,75.92186866532643,0.9983559029476042,0.4665747437481434,0.2652348859897817,0.8840351786435381,0.14357688586600792,3.2444820327656143,24.187519887169863,24.187519887169866,75.96740764923123,75.96740764923125,0.99692911237736,0.31360829820381325,0.20741213801319622,0.9049902511534306,0.14488706066776677,3.1587367148566594,24.19047216749145,24.190472167491446,75.91116974017181,75.91116974017186,0.9979343731674986,0.4665747437481434,0.2652348859897817,0.8840351786435381,0.14357688586600792,3.2444820327656143,24.187519887169863,24.187519887169866,75.96740764923123,75.96740764923125,0.99692911237736,"[248.1150109899043,95.46573588586757,135.92715397434336]",61.004638671875,"[61.51569056741471,102.46885107229934,138.96761539864988]",11.487293243408203,"[122.6100385381565,104.01727080346781,143.8643903710461]",15.371131896972656,"[192.70858724454894,97.4280255077569,137.75593857379872]",12.137508392333984
ObjectId("5c0db1dc30cffe434ca8968e"),027_0017_XiaomiRedmiNote4X.jpg,0.28909686583577693,0.21047165200391005,0.9017701826407096,0.09212892747708111,3.208698556607475,20.72281757850684,20.72281757850684,17.274871777771416,17.274871777771416,0.9916324453936667,0.4123564659937756,0.2672806964737717,0.8791702018780633,0.08890362010442075,3.303650487821788,20.722441040812054,20.722441040812047,17.289408107819593,17.28940810781958,0.9880748819328499,0.32378249480694066,0.22995803549608987,0.8933244017872176,0.09046652106021195,3.245454691574426,20.724313924272984,20.72431392427299,17.28241519458449,17.282415194584487,0.9906326028173321,0.4123564659937756,0.2672806964737717,0.8791702018780633,0.08890362010442075,3.303650487821788,20.722441040812054,20.722441040812047,17.289408107819593,17.28940810781958,0.9880748819328499,"[187.90332745485958,87.71685600126521,112.85274870867538]",63.91916275024414,"[152.166865792937,109.61719844499567,164.6102664248849]",15.715885162353516,"[105.98669625027735,108.70864876858221,153.7361615265143]",10.754871368408203,"[221.62258365418967,86.89858293970548,111.88308260231017]",9.610652923583984
ObjectId("5c0db1f230cffe434ca8968f"),028_0021_XiaomiRedmiNote4X.jpg,0.22504563019305976,0.17473977425464324,0.9170571111163529,0.08013245374935016,3.109411887408594,21.090273800250493,21.09027380025049,24.856417268707077,24.856417268707087,0.9954730879402247,0.3294404646216202,0.21476423491370067,0.902074622345323,0.07772019796864,3.1743504710454484,21.088135636948426,21.088135636948426,24.872002760862443,24.87200276086243,0.9933772831285625,0.2817263486681333,0.19668426961143692,0.9088339365504077,0.07888593122968704,3.144635458625962,21.089128272391257,21.089128272391257,24.85806328006227,24.85806328006227,0.9943333005171374,0.3294404646216202,0.21476423491370067,0.902074622345323,0.07772019796864,3.1743504710454484,21.088135636948426,21.088135636948426,24.872002760862443,24.87200276086243,0.9933772831285625,"[204.8545374715187,95.26092733933456,135.5376165847205]",49.30553436279297,"[86.12247488891379,111.4960419700534,148.04814980769947]",5.103015899658203,"[170.13113853598966,95.41372172045843,135.76958486643045]",42.014122009277344,"[38.9010974339804,106.42073642893381,142.7558142639716]",3.577899932861328
ObjectId("5c0db21930cffe434ca89690"),029_0008_XiaomiRedmiNote4X.jpg,0.4240982786534706,0.22463324016373423,0.9019775280222813,0.11476133856058009,3.0910845192068077,19.757827296401523,19.757827296401537,25.211036845982957,25.21103684598299,0.9915890353648612,0.7129577871229578,0.3067960849627677,0.8738407963022575,0.11053355144734867,3.215352405182931,19.755968062041283,19.75596806204128,25.231153687548545,25.23115368754856,0.9858714786499271,0.5998785740469209,0.2706595949413492,0.8867524011024119,0.11249299874758995,3.1611594576251205,19.756252672898324,19.756252672898352,25.229297490714064,25.229297490714035,0.9881114689327408,0.7129577871229578,0.3067960849627677,0.8738407963022575,0.11053355144734867,3.215352405182931,19.755968062041283,19.75596806204128,25.231153687548545,25.23115368754856,0.9858714786499271,"[192.45217931784632,92.9557045083733,130.74785882286466]",67.51251220703125,"[121.73509938375818,123.83883921437851,170.89405781696158]",13.740348815917969,"[81.77521676077633,115.95550618655312,155.0168883129172]",9.270286560058594,"[158.04437878742198,119.71002040057483,180.7798546835901]",9.477424621582031
